{
  "project_info": {
    "project_number": "1021477170177",
    "project_id": "sihatt-b42e6",
    "storage_bucket": "sihatt-b42e6.appspot.com"
  },
  "client": [
    {
      "client_info": {
        "mobilesdk_app_id": "1:1021477170177:android:b9d5c04fe32e377cde2400",
        "android_client_info": {
          "package_name": "com.example.sih"
        }
      },
      "oauth_client": [
        {
          "client_id": "1021477170177-1l3ep5908bfqtddajvr3dv5frlojodgh.apps.googleusercontent.com",
          "client_type": 3
        }
      ],
      "api_key": [
        {
          "current_key": "AIzaSyBSDxKLCRmogYBbutYTjhVcd6qOGhVxTIg"
        }
      ],
      "services": {
        "appinvite_service": {
          "other_platform_oauth_client": [
            {
              "client_id": "1021477170177-1l3ep5908bfqtddajvr3dv5frlojodgh.apps.googleusercontent.com",
              "client_type": 3
            }
          ]
        }
      }
    }
  ],
  "configuration_version": "1"
}